{"cameraMode":{"drawMode":0,"name":"Shaded","section":"Shading Mode"},"sceneLighting":true,"audioPlay":false,"sceneViewState":{"showFog":false,"showMaterialUpdate":false,"showSkybox":false,"showFlares":false,"showImageEffects":false,"showParticleSystems":false},"in2DMode":false,"pivot":{"x":760.0,"y":444.29998779296877,"z":-0.000003814697265625},"rotation":{"x":-0.19112595915794373,"y":0.0035308541264384987,"z":-0.000687535444740206,"w":-0.9815589785575867},"size":815.2473754882813,"orthographic":false}